id,age
1,25.828878
2,22.047403
3,21.590162
4,24.300264
5,22.992346
6,24.924522
7,51.646683
8,39.75423
9,50.92533
10,62.59654
11,59.000267
12,65.93222
13,65.95876
14,61.370678
15,15.651932
16,15.69313
17,18.80466
18,35.051586
19,19.25316
20,22.738714
21,48.65449
22,60.42639
23,50.219322
24,66.1459
25,46.057705
26,57.928986
27,51.202847
28,58.242157
